field0,field1,field2
|file:///home/lina/data/deltas/io.dropwizard.metrics/metrics-core/3.1.1_to_3.1.2.delta|,1,1
|file:///home/lina/data/deltas/net.serenity-bdd/serenity-core/1.1.22-rc.4_to_1.1.22-rc.9.delta|,1,1
|file:///home/lina/data/deltas/org.springframework/spring-core/3.2.3.RELEASE_to_3.2.4.RELEASE.delta|,1,2
|file:///home/lina/data/deltas/de.mhus.lib/mhu-lib-annotations/3.3.2_to_3.3.4.delta|,1,2
|file:///home/lina/data/deltas/net.serenity-bdd/serenity-core/1.6.0_to_1.6.3.delta|,1,3
|file:///home/lina/data/deltas/org.apache.karaf.shell/org.apache.karaf.shell.console/2.2.4_to_2.2.5.delta|,1,3
|file:///home/lina/data/deltas/io.dropwizard.metrics/metrics-core/4.0.2_to_4.1.0-rc2.delta|,1,3
|file:///home/lina/data/deltas/org.apache.camel/camel-core/2.18.2_to_2.18.3.delta|,1,5
|file:///home/lina/data/deltas/org.apache.solr/solr-core/4.10.1_to_4.10.4.delta|,1,6
|file:///home/lina/data/deltas/org.apache.cxf/cxf-rt-ws-security/2.4.1_to_2.4.2.delta|,1,8
|file:///home/lina/data/deltas/net.serenity-bdd/serenity-core/1.8.12_to_1.8.16.delta|,1,8
|file:///home/lina/data/deltas/javax.ws.rs/javax.ws.rs-api/2.0-rc1_to_2.0-rc2.delta|,1,14
|file:///home/lina/data/deltas/com.typesafe.akka/akka-actor_2.11/2.3.3_to_2.3.4.delta|,1,15
|file:///home/lina/data/deltas/net.serenity-bdd/serenity-core/1.1.25-rc.3_to_1.1.31.delta|,1,15
|file:///home/lina/data/deltas/org.apache.camel/camel-core/2.10.3_to_2.10.4.delta|,1,17
|file:///home/lina/data/deltas/org.apache.kafka/kafka_2.12/1.1.0_to_1.1.1.delta|,1,18
|file:///home/lina/data/deltas/org.hibernate/hibernate-search-orm/5.5.3.Final_to_5.6.0.Beta1.delta|,1,20
|file:///home/lina/data/deltas/org.apache.samza/samza-api/0.7.0_to_0.8.0.delta|,1,20
|file:///home/lina/data/deltas/org.apache.samza/samza-api/0.8.0_to_0.9.1.delta|,1,22
|file:///home/lina/data/deltas/org.glassfish.jersey.core/jersey-common/2.7_to_2.8.delta|,1,24
|file:///home/lina/data/deltas/com.typesafe.akka/akka-actor_2.11/2.5.9_to_2.5.11.delta|,1,26
|file:///home/lina/data/deltas/org.apache.cxf/cxf-rt-ws-security/2.4.2_to_2.4.3.delta|,1,26
|file:///home/lina/data/deltas/org.hibernate/hibernate-search-orm/5.6.0.Alpha3_to_5.6.0.Beta1.delta|,1,26
|file:///home/lina/data/deltas/org.hibernate/hibernate-search-orm/5.5.4.Final_to_5.6.0.Beta2.delta|,1,28
|file:///home/lina/data/deltas/org.apache.camel/camel-core/2.10.1_to_2.10.2.delta|,1,28
|file:///home/lina/data/deltas/org.hibernate/hibernate-search-orm/5.5.5.Final_to_5.7.0.Beta2.delta|,1,30
|file:///home/lina/data/deltas/org.glassfish.jersey.core/jersey-common/2.26-b04_to_2.26-b05.delta|,1,30
|file:///home/lina/data/deltas/net.serenity-bdd/serenity-core/1.0.58_to_1.1.6.delta|,1,41
|file:///home/lina/data/deltas/org.activiti/activiti-engine/7-201801-EA_to_7.0.0.Beta1.delta|,1,43
|file:///home/lina/data/deltas/org.eclipse.jetty/jetty-io/8.0.4.v20111024_to_8.1.0.RC0.delta|,1,54
|file:///home/lina/data/deltas/org.pac4j/pac4j-oauth/1.4.1_to_1.5.1.delta|,1,59
|file:///home/lina/data/deltas/org.apache.karaf.shell/org.apache.karaf.shell.console/2.0.0_to_2.1.0.delta|,1,61
|file:///home/lina/data/deltas/org.apache.cxf/cxf-rt-ws-security/3.0.4_to_3.0.5.delta|,1,64
|file:///home/lina/data/deltas/org.springframework/spring-jdbc/1.2.8_to_2.0.delta|,1,65
|file:///home/lina/data/deltas/org.springframework/spring-jdbc/1.2.9_to_2.0.3.delta|,1,66
|file:///home/lina/data/deltas/nz.ac.waikato.cms.weka/weka-dev/3.7.6_to_3.7.7.delta|,1,68
|file:///home/lina/data/deltas/javax.ws.rs/javax.ws.rs-api/2.0-m12_to_2.0-m15.delta|,1,70
|file:///home/lina/data/deltas/org.apache.cxf/cxf-rt-ws-security/2.1.7_to_2.2.4.delta|,1,86
|file:///home/lina/data/deltas/org.apache.cxf/cxf-rt-ws-security/2.1.9_to_2.2.6.delta|,1,86
|file:///home/lina/data/deltas/javax.ws.rs/javax.ws.rs-api/2.0-m15_to_2.0-m16.delta|,1,87
|file:///home/lina/data/deltas/org.apache.cxf/cxf-rt-ws-security/2.1.10_to_2.2.9.delta|,1,97
|file:///home/lina/data/deltas/io.vertx/vertx-core/3.4.1_to_3.4.2.delta|,1,102
|file:///home/lina/data/deltas/org.apache.derby/derby/10.6.2.1_to_10.7.1.1.delta|,1,104
|file:///home/lina/data/deltas/org.springframework/spring-jdbc/1.2.6_to_2.0-m2.delta|,1,108
|file:///home/lina/data/deltas/org.springframework/spring-core/1.0.1_to_1.1.3.delta|,1,112
|file:///home/lina/data/deltas/org.apache.solr/solr-core/4.0.0-BETA_to_4.0.0.delta|,1,114
|file:///home/lina/data/deltas/io.vertx/vertx-core/3.0.0-milestone3_to_3.0.0-milestone4.delta|,1,119
|file:///home/lina/data/deltas/net.hydromatic/quidem/0.8_to_0.9.delta|,1,127
|file:///home/lina/data/deltas/org.springframework/spring-jdbc/1.2.7_to_2.0-m5.delta|,1,128
|file:///home/lina/data/deltas/org.scala-lang/scala-compiler/2.8.2.RC2_to_2.8.2.RC3.delta|,1,135
|file:///home/lina/data/deltas/io.vertx/vertx-core/2.1M2_to_2.1RC1.delta|,1,146
|file:///home/lina/data/deltas/org.apache.solr/solr-core/3.5.0_to_3.6.0.delta|,1,146
|file:///home/lina/data/deltas/org.scala-lang/scala-compiler/2.8.0.Beta1-RC5_to_2.8.0.Beta1.delta|,1,146
|file:///home/lina/data/deltas/net.serenity-bdd/serenity-core/1.5.9_to_1.6.0.delta|,1,155
|file:///home/lina/data/deltas/org.apache.santuario/xmlsec/1.4.0_to_1.4.2.delta|,1,159
|file:///home/lina/data/deltas/io.vertx/vertx-core/3.0.0_to_3.1.0.delta|,1,162
|file:///home/lina/data/deltas/org.apache.solr/solr-core/3.4.0_to_3.5.0.delta|,1,163
|file:///home/lina/data/deltas/com.typesafe.akka/akka-actor_2.11/2.4.16_to_2.5-M1.delta|,1,196
|file:///home/lina/data/deltas/com.google.guava/guava/15.0_to_16.0-rc1.delta|,1,203
|file:///home/lina/data/deltas/org.apache.solr/solr-core/4.6.1_to_4.7.2.delta|,1,211
|file:///home/lina/data/deltas/org.glassfish.jersey.core/jersey-common/2.0-m07-1_to_2.0-m08.delta|,1,216
|file:///home/lina/data/deltas/org.apache.hive/hive-exec/0.14.0_to_1.0.0.delta|,1,225
|file:///home/lina/data/deltas/org.apache.camel/camel-core/2.13.2_to_2.14.0.delta|,1,227
|file:///home/lina/data/deltas/org.apache.camel/camel-core/2.13.3_to_2.14.1.delta|,1,227
|file:///home/lina/data/deltas/org.commonjava.aprox/aprox-api/0.11.3_to_0.12.0.delta|,1,240
|file:///home/lina/data/deltas/nz.ac.waikato.cms.weka/weka-dev/3.9.0_to_3.9.1.delta|,1,244
|file:///home/lina/data/deltas/org.ehcache/ehcache/3.5.2_to_3.6.1.delta|,1,244
|file:///home/lina/data/deltas/org.apache.cxf/cxf-rt-ws-security/2.3.4_to_2.4.0.delta|,1,247
|file:///home/lina/data/deltas/org.apache.cxf/cxf-rt-ws-security/2.3.5_to_2.4.1.delta|,1,251
|file:///home/lina/data/deltas/com.android.tools/sdklib/22.4.2_to_22.7.0.delta|,1,252
|file:///home/lina/data/deltas/com.google.guava/guava/22.0-android_to_23.0-android.delta|,1,258
|file:///home/lina/data/deltas/org.apache.camel/camel-core/2.12.4_to_2.14.0.delta|,1,259
|file:///home/lina/data/deltas/com.typesafe.akka/akka-actor_2.11/2.4.18_to_2.5.1.delta|,1,264
|file:///home/lina/data/deltas/org.scala-lang/scala-library/2.10.0-M5_to_2.10.0-M6.delta|,1,268
|file:///home/lina/data/deltas/org.hibernate/hibernate-search-orm/5.5.8.Final_to_5.8.1.Final.delta|,1,275
|file:///home/lina/data/deltas/io.vertx/vertx-core/3.5.0_to_3.5.1.delta|,1,290
|file:///home/lina/data/deltas/com.typesafe.akka/akka-actor_2.11/2.4.19_to_2.5.3.delta|,1,313
|file:///home/lina/data/deltas/co.fs2/fs2-core_2.12/0.10.0-M2_to_0.10.0-M3.delta|,1,355
|file:///home/lina/data/deltas/org.apache.camel/camel-core/1.3.0_to_1.4.0.delta|,1,367
|file:///home/lina/data/deltas/net.serenity-bdd/serenity-core/1.5.0-rc.1_to_1.5.4-rc.1.delta|,1,368
|file:///home/lina/data/deltas/org.apache.camel/camel-core/2.6.0_to_2.7.0.delta|,1,383
|file:///home/lina/data/deltas/co.fs2/fs2-core_2.12/1.0.0-M1_to_1.0.0-M2.delta|,1,404
|file:///home/lina/data/deltas/org.apache.derby/derby/10.5.3.0_1_to_10.6.1.0.delta|,1,406
|file:///home/lina/data/deltas/org.apache.derby/derby/10.4.2.0_to_10.5.3.0_1.delta|,1,430
|file:///home/lina/data/deltas/com.google.guava/guava/23.1-android_to_23.1-jre.delta|,1,464
|file:///home/lina/data/deltas/com.google.guava/guava/23.2-android_to_23.2-jre.delta|,1,464
|file:///home/lina/data/deltas/com.google.guava/guava/23.3-android_to_23.3-jre.delta|,1,464
|file:///home/lina/data/deltas/com.google.guava/guava/23.4-android_to_23.4-jre.delta|,1,471
|file:///home/lina/data/deltas/com.google.guava/guava/23.5-android_to_23.5-jre.delta|,1,472
|file:///home/lina/data/deltas/org.apache.hyracks/algebricks-core/0.2.17-incubating_to_0.3.0.delta|,1,474
|file:///home/lina/data/deltas/co.fs2/fs2-core_2.12/0.10.5_to_1.0.0-M1.delta|,1,482
|file:///home/lina/data/deltas/com.google.guava/guava/24.0-android_to_24.0-jre.delta|,1,495
|file:///home/lina/data/deltas/org.ehcache/ehcache/3.0.2_to_3.1.1.delta|,1,507
|file:///home/lina/data/deltas/org.apache.camel/camel-core/2.3.0_to_2.4.0.delta|,1,509
|file:///home/lina/data/deltas/com.google.guava/guava/25.0-android_to_25.0-jre.delta|,1,515
|file:///home/lina/data/deltas/com.google.guava/guava/24.1-android_to_24.1-jre.delta|,1,516
|file:///home/lina/data/deltas/org.ow2.fractal.juliac/juliac-core/2.6_to_2.7.delta|,1,540
|file:///home/lina/data/deltas/com.google.guava/guava/23.6-android_to_23.6-jre.delta|,1,551
|file:///home/lina/data/deltas/com.google.guava/guava/22.0-rc1-android_to_22.0.delta|,1,553
|file:///home/lina/data/deltas/org.eclipse.jetty/jetty-io/7.6.7.v20120910_to_9.0.0.M0.delta|,1,562
|file:///home/lina/data/deltas/org.eclipse.jetty/jetty-io/7.6.13.v20130916_to_9.1.0.M0.delta|,1,567
|file:///home/lina/data/deltas/org.eclipse.jetty/jetty-io/8.1.7.v20120910_to_9.0.0.M0.delta|,1,569
|file:///home/lina/data/deltas/org.eclipse.jetty/jetty-io/8.1.9.v20130131_to_9.0.0.RC0.delta|,1,569
|file:///home/lina/data/deltas/org.apache.derby/derby/10.8.2.2_to_10.9.1.0.delta|,1,570
|file:///home/lina/data/deltas/org.eclipse.jetty/jetty-io/8.1.12.v20130726_to_9.0.5.v20130815.delta|,1,570
|file:///home/lina/data/deltas/org.eclipse.jetty/jetty-io/8.1.10.v20130312_to_9.0.1.v20130408.delta|,1,570
|file:///home/lina/data/deltas/org.eclipse.jetty/jetty-io/8.1.11.v20130520_to_9.0.4.v20130625.delta|,1,570
|file:///home/lina/data/deltas/org.eclipse.jetty/jetty-io/8.1.8.v20121106_to_9.0.0.M3.delta|,1,572
|file:///home/lina/data/deltas/org.eclipse.jetty/jetty-io/8.1.14.v20131031_to_9.1.0.RC1.delta|,1,575
|file:///home/lina/data/deltas/org.eclipse.jetty/jetty-io/8.1.13.v20130916_to_9.1.0.RC0.delta|,1,575
|file:///home/lina/data/deltas/org.eclipse.jetty/jetty-io/8.1.15.v20140411_to_9.1.5.v20140505.delta|,1,588
|file:///home/lina/data/deltas/org.eclipse.jetty/jetty-io/8.1.16.v20140903_to_9.2.3.v20140905.delta|,1,590
|file:///home/lina/data/deltas/org.eclipse.jetty/jetty-io/8.1.19.v20160209_to_9.2.15.v20160210.delta|,1,594
|file:///home/lina/data/deltas/org.glassfish.jersey.core/jersey-common/2.5.2_to_2.19.delta|,1,596
|file:///home/lina/data/deltas/org.ehcache/ehcache/3.0.0.m3_to_3.0.0.m4.delta|,1,609
|file:///home/lina/data/deltas/org.glassfish.jersey.core/jersey-common/2.0-m04-2_to_2.0-m05.delta|,1,633
|file:///home/lina/data/deltas/org.eclipse.jetty/jetty-io/8.1.17.v20150415_to_9.3.0.RC0.delta|,1,639
|file:///home/lina/data/deltas/org.eclipse.jetty/jetty-io/8.1.22.v20160922_to_9.3.13.M0.delta|,1,650
|file:///home/lina/data/deltas/org.gebish/geb-core/0.10.0_to_0.12.0.delta|,1,701
|file:///home/lina/data/deltas/com.typesafe.akka/akka-actor_2.11/2.4.8_to_2.4.9-RC1.delta|,1,896
|file:///home/lina/data/deltas/org.scala-lang/scala-compiler/2.10.0-M1_to_2.10.0-M1-virtualized.rdev-4217-2012-01-24-g9118644.delta|,1,937
|file:///home/lina/data/deltas/org.scala-lang/scala-library/2.10.0-M4_to_2.10.0-M5.delta|,1,967
|file:///home/lina/data/deltas/com.google.guava/guava/21.0_to_22.0-rc1-android.delta|,1,1090
|file:///home/lina/data/deltas/com.google.guava/guava/24.1-jre_to_25.0-android.delta|,1,1126
|file:///home/lina/data/deltas/com.google.guava/guava/25.0-jre_to_25.1-android.delta|,1,1126
|file:///home/lina/data/deltas/com.google.guava/guava/24.1.1-jre_to_25.1-android.delta|,1,1127
|file:///home/lina/data/deltas/com.google.guava/guava/25.1-jre_to_26.0-android.delta|,1,1165
|file:///home/lina/data/deltas/com.typesafe.akka/akka-actor_2.11/2.4.17_to_2.5.0-RC1.delta|,1,1170
|file:///home/lina/data/deltas/org.drools/drools-compiler/5.0.0.M5_to_5.0.1.delta|,1,1497
|file:///home/lina/data/deltas/org.apache.cxf/cxf-rt-ws-security/2.7.16_to_3.0.5.delta|,1,1604
|file:///home/lina/data/deltas/org.apache.cxf/cxf-rt-ws-security/2.7.18_to_3.0.7.delta|,1,1608
|file:///home/lina/data/deltas/org.apache.cxf/cxf-rt-ws-security/2.7.17_to_3.0.6.delta|,1,1617
|file:///home/lina/data/deltas/org.scala-lang/scala-compiler/2.9.1-1_to_2.9.2-RC1.delta|,1,1650
|file:///home/lina/data/deltas/org.http4s/http4s-core_2.11/0.18.0-M4_to_0.18.0-M5.delta|,1,1651
|file:///home/lina/data/deltas/org.apache.cxf/cxf-rt-ws-security/2.6.17_to_3.0.15.delta|,1,1685
|file:///home/lina/data/deltas/org.apache.drill.exec/vector/1.12.0_to_1.13.0.delta|,1,1755
|file:///home/lina/data/deltas/org.ehcache/ehcache/3.2.3_to_3.5.0.delta|,1,2348
|file:///home/lina/data/deltas/org.apache.kafka/kafka_2.12/0.10.1.1_to_0.10.2.0.delta|,1,2385
|file:///home/lina/data/deltas/org.ehcache/ehcache/3.4.0_to_3.5.0.delta|,1,2428
|file:///home/lina/data/deltas/org.scala-lang/scala-compiler/2.11.0-M5_to_2.11.0-M6.delta|,1,2989
|file:///home/lina/data/deltas/org.http4s/http4s-core_2.11/0.16.5a_to_0.18.0-M4.delta|,1,3103
|file:///home/lina/data/deltas/co.fs2/fs2-core_2.12/0.10.0-M1_to_0.10.0-M2.delta|,1,3349
|file:///home/lina/data/deltas/org.scala-lang/scala-compiler/2.11.0-M7_to_2.11.0-M8.delta|,1,3998
|file:///home/lina/data/deltas/org.scala-lang/scala-compiler/2.10.0-M7_to_2.10.0-RC1.delta|,1,4204
|file:///home/lina/data/deltas/org.apache.kafka/kafka_2.12/1.1.1_to_2.0.0.delta|,1,4349
|file:///home/lina/data/deltas/org.scala-lang/scala-library/2.11.0-M7_to_2.11.0-M8.delta|,1,4579
|file:///home/lina/data/deltas/org.http4s/http4s-core_2.11/0.16.6a_to_0.18.0-M7.delta|,1,4592
|file:///home/lina/data/deltas/org.scala-lang/scala-library/2.9.0.RC1_to_2.9.0.RC2.delta|,1,5057
|file:///home/lina/data/deltas/com.typesafe.akka/akka-actor_2.11/2.4-M3_to_2.4.0-RC1.delta|,1,5096
|file:///home/lina/data/deltas/org.apache.sshd/sshd-core/2.0.0_to_2.1.0.delta|,1,5148
|file:///home/lina/data/deltas/org.scala-lang/scala-library/2.8.0.Beta1_to_2.8.0.RC1.delta|,1,5188
|file:///home/lina/data/deltas/org.scala-lang/scala-compiler/2.12.6_to_2.13.0-M4.delta|,1,5563
|file:///home/lina/data/deltas/org.scala-lang/scala-compiler/2.9.0.RC1_to_2.9.0.RC2.delta|,1,5590
|file:///home/lina/data/deltas/com.typesafe.akka/akka-actor_2.11/2.4.20_to_2.5.6.delta|,1,5867
|file:///home/lina/data/deltas/org.scala-lang/scala-library/2.11.0-M3_to_2.11.0-M4.delta|,1,7925
|file:///home/lina/data/deltas/org.scala-lang/scala-library/2.10.2_to_2.11.0-M4.delta|,1,11060
|file:///home/lina/data/deltas/org.scala-lang/scala-library/2.10.3_to_2.11.0-M6.delta|,1,11121
|file:///home/lina/data/deltas/org.scala-lang/scala-library/2.9.1_to_2.10.0-M1.delta|,1,11664
|file:///home/lina/data/deltas/org.scala-lang/scala-compiler/2.12.0-M1_to_2.12.0-M2.delta|,1,47362
|file:///home/lina/data/deltas/org.scala-lang/scala-compiler/2.11.7_to_2.12.0-M2.delta|,1,48853
|file:///home/lina/data/deltas/org.apache.karaf.shell/org.apache.karaf.shell.console/2.2.0_to_2.2.1.delta|,2,3
|file:///home/lina/data/deltas/org.apache.camel/camel-core/2.15.0_to_2.15.1.delta|,2,3
|file:///home/lina/data/deltas/org.apache.santuario/xmlsec/2.1.1_to_2.1.2.delta|,2,10
|file:///home/lina/data/deltas/javax.ws.rs/javax.ws.rs-api/2.0.1_to_2.1-m01.delta|,2,16
|file:///home/lina/data/deltas/org.apache.santuario/xmlsec/1.4.2_to_1.4.3.delta|,2,16
|file:///home/lina/data/deltas/org.eclipse.jetty/jetty-http/7.0.1.v20091125_to_7.1.3.v20100526.delta|,2,32
|file:///home/lina/data/deltas/org.scala-lang/scala-library/2.13.0-M1_to_2.13.0-M2.delta|,2,46
|file:///home/lina/data/deltas/org.pac4j/pac4j-oauth/1.4.0_to_1.4.1.delta|,2,55
|file:///home/lina/data/deltas/io.vertx/vertx-core/3.1.0_to_3.2.0.delta|,2,92
|file:///home/lina/data/deltas/com.google.guava/guava/23.0-android_to_23.1-android.delta|,2,113
|file:///home/lina/data/deltas/javax.ws.rs/javax.ws.rs-api/2.1-m05_to_2.1-m07.delta|,2,115
|file:///home/lina/data/deltas/org.eclipse.jetty/jetty-io/9.3.11.v20160721_to_9.4.0.M1.delta|,2,117
|file:///home/lina/data/deltas/org.eclipse.jetty/jetty-io/9.3.10.M0_to_9.4.0.M0.delta|,2,117
|file:///home/lina/data/deltas/org.eclipse.jetty/jetty-io/9.3.14.v20161028_to_9.4.0.RC2.delta|,2,121
|file:///home/lina/data/deltas/org.eclipse.jetty/jetty-io/9.3.13.v20161014_to_9.4.0.RC1.delta|,2,124
|file:///home/lina/data/deltas/org.eclipse.jetty/jetty-io/9.3.12.v20160915_to_9.4.0.RC0.delta|,2,124
|file:///home/lina/data/deltas/org.glassfish.jersey.core/jersey-common/2.0-m04-1_to_2.0-m04-2.delta|,2,127
|file:///home/lina/data/deltas/io.vertx/vertx-core/3.0.0-milestone6_to_3.0.0.delta|,2,131
|file:///home/lina/data/deltas/org.eclipse.jetty/jetty-io/9.3.16.v20170120_to_9.4.1.v20170120.delta|,2,141
|file:///home/lina/data/deltas/org.activiti/activiti-engine/5.16.4_to_5.17.0.delta|,2,141
|file:///home/lina/data/deltas/org.eclipse.jetty/jetty-io/9.3.17.v20170317_to_9.4.3.v20170317.delta|,2,142
|file:///home/lina/data/deltas/org.eclipse.jetty/jetty-io/9.3.18.v20170406_to_9.4.4.v20170414.delta|,2,151
|file:///home/lina/data/deltas/org.apache.hadoop/hadoop-mapreduce-client-core/2.0.0-alpha_to_2.0.3-alpha.delta|,2,151
|file:///home/lina/data/deltas/org.eclipse.jetty/jetty-io/9.3.20.v20170531_to_9.4.6.v20170531.delta|,2,151
|file:///home/lina/data/deltas/org.eclipse.jetty/jetty-io/9.3.21.RC0_to_9.4.7.RC0.delta|,2,151
|file:///home/lina/data/deltas/co.fs2/fs2-core_2.12/0.10.0-M10_to_0.10.0-M11.delta|,2,165
|file:///home/lina/data/deltas/org.eclipse.jetty/jetty-io/9.3.22.v20171030_to_9.4.8.v20171121.delta|,2,166
|file:///home/lina/data/deltas/org.eclipse.jetty/jetty-io/9.3.24.v20180605_to_9.4.11.v20180605.delta|,2,167
|file:///home/lina/data/deltas/org.eclipse.jetty/jetty-io/9.3.23.v20180228_to_9.4.9.v20180320.delta|,2,167
|file:///home/lina/data/deltas/org.apache.santuario/xmlsec/2.0.9_to_2.1.1.delta|,2,199
|file:///home/lina/data/deltas/org.apache.solr/solr-core/3.2.0_to_3.3.0.delta|,2,200
|file:///home/lina/data/deltas/org.apache.santuario/xmlsec/2.0.8_to_2.1.0.delta|,2,204
|file:///home/lina/data/deltas/org.pac4j/pac4j-oauth/2.3.1_to_3.0.0-RC2.delta|,2,211
|file:///home/lina/data/deltas/net.sourceforge.htmlunit/htmlunit-core-js/2.28_to_2.31.delta|,2,214
|file:///home/lina/data/deltas/org.activiti/activiti-engine/5.16.5_to_5.19.0.1.delta|,2,235
|file:///home/lina/data/deltas/org.eclipse.persistence/org.eclipse.persistence.core/2.5.0_to_2.5.1.delta|,2,237
|file:///home/lina/data/deltas/org.apache.cxf/cxf-rt-ws-security/2.3.6_to_2.4.2.delta|,2,256
|file:///home/lina/data/deltas/io.vertx/vertx-core/3.2.1_to_3.3.0.CR2.delta|,2,259
|file:///home/lina/data/deltas/io.vertx/vertx-core/3.4.2_to_3.5.0.Beta1.delta|,2,266
|file:///home/lina/data/deltas/org.apache.camel/camel-core/2.4.0_to_2.5.0.delta|,2,294
|file:///home/lina/data/deltas/org.activiti/activiti-engine/5.16.6_to_5.22.0.delta|,2,329
|file:///home/lina/data/deltas/org.eclipse.persistence/eclipselink/2.5.0_to_2.5.1.delta|,2,367
|file:///home/lina/data/deltas/com.google.guava/guava/20.0_to_21.0-rc1.delta|,2,435
|file:///home/lina/data/deltas/org.scala-lang/scala-compiler/2.7.2_to_2.7.3.delta|,2,478
|file:///home/lina/data/deltas/org.apache.camel/camel-core/2.11.2_to_2.12.2.delta|,2,492
|file:///home/lina/data/deltas/org.scala-lang/scala-compiler/2.8.0.RC2_to_2.8.0.RC3.delta|,2,497
|file:///home/lina/data/deltas/org.apache.camel/camel-core/2.11.4_to_2.12.3.delta|,2,511
|file:///home/lina/data/deltas/org.apache.hadoop/hadoop-mapreduce-client-core/0.23.11_to_2.4.1.delta|,2,527
|file:///home/lina/data/deltas/org.apache.sshd/sshd-core/0.8.0_to_0.9.0.delta|,2,589
|file:///home/lina/data/deltas/com.github.librepdf/openpdf/1.0.5_to_1.2.0.delta|,2,636
|file:///home/lina/data/deltas/org.apache.camel/camel-core/2.15.3_to_2.16.0.delta|,2,685
|file:///home/lina/data/deltas/org.apache.camel/camel-core/2.15.4_to_2.16.1.delta|,2,686
|file:///home/lina/data/deltas/org.scala-lang/scala-compiler/2.11.5_to_2.11.6.delta|,2,741
|file:///home/lina/data/deltas/us.fatehi/schemacrawler/12.06.03_to_14.16.01.delta|,2,790
|file:///home/lina/data/deltas/org.apache.karaf.shell/org.apache.karaf.shell.console/2.1.6_to_2.2.3.delta|,2,850
|file:///home/lina/data/deltas/org.apache.karaf.shell/org.apache.karaf.shell.console/2.1.5_to_2.2.1.delta|,2,853
|file:///home/lina/data/deltas/org.openrdf.sesame/sesame-model/2.8.9_to_4.0.2.delta|,2,880
|file:///home/lina/data/deltas/com.google.guava/guava/23.0_to_23.1-android.delta|,2,918
|file:///home/lina/data/deltas/org.openrdf.sesame/sesame-model/2.8.11_to_4.1.2.delta|,2,995
|file:///home/lina/data/deltas/org.ehcache/ehcache/3.0.0.m5_to_3.0.0.rc1.delta|,2,1013
|file:///home/lina/data/deltas/org.apache.drill.exec/vector/1.13.0_to_1.14.0.delta|,2,1054
|file:///home/lina/data/deltas/org.apache.camel/camel-core/2.0-M1_to_2.0-M2.delta|,2,1128
|file:///home/lina/data/deltas/com.google.guava/guava/23.5-jre_to_23.6-android.delta|,2,1249
|file:///home/lina/data/deltas/org.eclipse.persistence/org.eclipse.persistence.core/2.6.4_to_2.7.0.delta|,2,1350
|file:///home/lina/data/deltas/org.eclipse.persistence/org.eclipse.persistence.core/2.6.5_to_2.7.1.delta|,2,1395
|file:///home/lina/data/deltas/org.apache.sshd/sshd-core/1.2.0_to_1.3.0.delta|,2,1494
|file:///home/lina/data/deltas/com.google.guava/guava/10.0.1_to_11.0-rc1.delta|,2,1673
|file:///home/lina/data/deltas/org.apache.camel/camel-core/1.6.0_to_2.0-M1.delta|,2,2083
|file:///home/lina/data/deltas/org.scala-lang/scala-compiler/2.11.1_to_2.11.2.delta|,2,2134
|file:///home/lina/data/deltas/org.apache.derby/derby/10.10.2.0_to_10.11.1.1.delta|,2,4652
|file:///home/lina/data/deltas/org.scala-lang/scala-library/2.12.4_to_2.13.0-M3.delta|,2,4655
|file:///home/lina/data/deltas/org.scala-lang/scala-library/2.12.5_to_2.13.0-M3-f73b161.delta|,2,4954
|file:///home/lina/data/deltas/org.scalatest/scalatest_2.12.0-M4/2.2.6_to_3.0.0-M16-SNAP4.delta|,2,6295
|file:///home/lina/data/deltas/org.apache.camel/camel-core/2.20.2_to_2.21.0.delta|,2,8117
|file:///home/lina/data/deltas/org.http4s/http4s-core_2.11/0.17.0-M3_to_0.18.0-M4.delta|,2,10217
|file:///home/lina/data/deltas/org.scala-lang/scala-library/2.10.4-RC1_to_2.11.0-M8.delta|,2,15771
|file:///home/lina/data/deltas/org.scala-lang/scala-library/2.13.0-M3-f73b161_to_2.13.0-M4-pre-20d3c21.delta|,2,16142
|file:///home/lina/data/deltas/org.scala-lang/scala-library/2.10.4_to_2.11.0-RC3.delta|,2,16915
|file:///home/lina/data/deltas/org.daisy.dotify/dotify.task-api/2.1.0_to_2.3.0.delta|,3,9
|file:///home/lina/data/deltas/javax.ws.rs/javax.ws.rs-api/2.1-m07_to_2.1-m08.delta|,3,18
|file:///home/lina/data/deltas/io.vertx/vertx-core/2.0.0-final_to_2.0.1-final.delta|,3,57
|file:///home/lina/data/deltas/com.google.guava/guava/r07_to_r08.delta|,3,166
|file:///home/lina/data/deltas/org.apache.solr/solr-core/4.7.2_to_4.9.0.delta|,3,201
|file:///home/lina/data/deltas/org.apache.cxf/cxf-rt-ws-security/3.0.5_to_3.1.0.delta|,3,215
|file:///home/lina/data/deltas/org.apache.derby/derby/10.7.1.1_to_10.8.1.2.delta|,3,234
|file:///home/lina/data/deltas/org.apache.cxf/cxf-rt-ws-security/3.0.7_to_3.1.4.delta|,3,258
|file:///home/lina/data/deltas/org.ow2.fractal.juliac/juliac-core/2.5.1_to_2.6.delta|,3,270
|file:///home/lina/data/deltas/org.apache.cxf/cxf-rt-ws-security/2.3.7_to_2.4.3.delta|,3,281
|file:///home/lina/data/deltas/org.apache.cxf/cxf-rt-ws-security/3.0.15_to_3.1.13.delta|,3,281
|file:///home/lina/data/deltas/org.apache.cxf/cxf-rt-ws-security/3.0.11_to_3.1.8.delta|,3,289
|file:///home/lina/data/deltas/org.apache.cxf/cxf-rt-ws-security/3.0.12_to_3.1.9.delta|,3,289
|file:///home/lina/data/deltas/org.apache.cxf/cxf-rt-ws-security/3.0.13_to_3.1.11.delta|,3,290
|file:///home/lina/data/deltas/org.apache.camel/camel-core/2.7.3_to_2.8.0.delta|,3,330
|file:///home/lina/data/deltas/org.apache.cxf/cxf-rt-ws-security/3.0.6_to_3.1.2.delta|,3,360
|file:///home/lina/data/deltas/org.scala-lang/scala-compiler/2.8.0_to_2.8.1.RC1.delta|,3,403
|file:///home/lina/data/deltas/org.apache.camel/camel-core/2.7.5_to_2.8.4.delta|,3,410
|file:///home/lina/data/deltas/com.google.guava/guava/25.1-android_to_25.1-jre.delta|,3,518
|file:///home/lina/data/deltas/com.google.guava/guava/26.0-android_to_26.0-jre.delta|,3,519
|file:///home/lina/data/deltas/org.scala-lang/scala-library/2.11.6_to_2.12.0-M1.delta|,3,600
|file:///home/lina/data/deltas/org.apache.camel/camel-core/2.0.0_to_2.1.0.delta|,3,625
|file:///home/lina/data/deltas/com.google.guava/guava/12.0_to_13.0-rc1.delta|,3,628
|file:///home/lina/data/deltas/io.vertx/vertx-core/3.3.3_to_3.4.0.delta|,3,660
|file:///home/lina/data/deltas/com.google.guava/guava/12.0.1_to_13.0-rc2.delta|,3,684
|file:///home/lina/data/deltas/org.apache.camel/camel-core/2.2.0_to_2.3.0.delta|,3,706
|file:///home/lina/data/deltas/org.apache.derby/derby/10.3.2.1_to_10.4.1.3.delta|,3,763
|file:///home/lina/data/deltas/com.google.guava/guava/23.6-jre_to_24.0-android.delta|,3,1118
|file:///home/lina/data/deltas/org.eclipse.persistence/eclipselink/2.6.4_to_2.7.0.delta|,3,1675
|file:///home/lina/data/deltas/org.apache.kafka/kafka_2.12/0.10.2.1_to_0.11.0.0.delta|,3,1912
|file:///home/lina/data/deltas/org.eclipse.persistence/eclipselink/2.6.5_to_2.7.1.delta|,3,1969
|file:///home/lina/data/deltas/org.scala-lang/scala-compiler/2.7.1_to_2.7.3.delta|,3,2233
|file:///home/lina/data/deltas/org.scala-lang/scala-compiler/2.11.0-M6_to_2.11.0-M7.delta|,3,2477
|file:///home/lina/data/deltas/org.apache.camel/camel-core/1.6.1_to_2.0-M2.delta|,3,2805
|file:///home/lina/data/deltas/org.scala-lang/scala-compiler/2.13.0-M4_to_2.13.0-M5.delta|,3,3296
|file:///home/lina/data/deltas/org.ops4j.pax.web/pax-web-jetty-bundle/0.8.1_to_3.1.2.delta|,3,3519
|file:///home/lina/data/deltas/org.scala-lang/scala-compiler/2.12.4_to_2.13.0-M3.delta|,3,3774
|file:///home/lina/data/deltas/org.scala-lang/scala-library/2.8.1_to_2.9.0.RC1.delta|,3,5961
|file:///home/lina/data/deltas/org.scala-lang/scala-compiler/2.12.0-M4_to_2.12.0-M5.delta|,3,7158
|file:///home/lina/data/deltas/org.scala-lang/scala-library/2.11.7_to_2.12.0-M2.delta|,3,8569
|file:///home/lina/data/deltas/org.scala-lang/scala-library/2.11.8_to_2.12.0-M3-dc9effe.delta|,3,17166
|file:///home/lina/data/deltas/org.scala-lang/scala-library/2.11.10_to_2.12.2.delta|,3,17673
|file:///home/lina/data/deltas/org.typelevel/scala-library/2.11.11-bin-typelevel-4_to_2.12.3-bin-typelevel-4.delta|,3,17690
|file:///home/lina/data/deltas/org.typelevel/scala-library/2.11.8_to_2.12.0.delta|,3,18107
|file:///home/lina/data/deltas/org.scala-lang/scala-library/2.11.11_to_2.13.0-M1.delta|,3,21199
|file:///home/lina/data/deltas/org.scala-lang/scala-library/2.9.2_to_2.10.0-M3.delta|,3,23337
|file:///home/lina/data/deltas/org.scala-lang/scala-library/2.9.3_to_2.10.1.delta|,3,26152
|file:///home/lina/data/deltas/org.scala-lang/scala-library/2.9.3-RC2_to_2.10.1-RC1.delta|,3,26152
|file:///home/lina/data/deltas/org.scala-lang/scala-library/2.9.3-RC1_to_2.10.0.delta|,3,26434
|file:///home/lina/data/deltas/com.google.guava/guava/10.0-rc1_to_10.0.delta|,4,30
|file:///home/lina/data/deltas/org.eclipse.jetty/jetty-io/9.2.10.v20150310_to_9.3.0.M2.delta|,4,119
|file:///home/lina/data/deltas/org.eclipse.jetty/jetty-io/9.3.0.M1_to_9.3.0.M2.delta|,4,121
|file:///home/lina/data/deltas/org.eclipse.jetty/jetty-io/9.2.11.v20150529_to_9.3.0.v20150612.delta|,4,157
|file:///home/lina/data/deltas/org.eclipse.jetty/jetty-io/9.2.13.v20150730_to_9.3.2.v20150730.delta|,4,157
|file:///home/lina/data/deltas/org.eclipse.jetty/jetty-io/9.2.11.M0_to_9.3.0.RC0.delta|,4,157
|file:///home/lina/data/deltas/org.eclipse.jetty/jetty-io/9.2.12.v20150709_to_9.3.1.v20150714.delta|,4,157
|file:///home/lina/data/deltas/org.apache.cxf/cxf-rt-ws-security/2.5.0_to_2.5.1.delta|,4,160
|file:///home/lina/data/deltas/org.eclipse.jetty/jetty-io/9.2.14.v20151106_to_9.3.6.v20151106.delta|,4,161
|file:///home/lina/data/deltas/org.eclipse.jetty/jetty-io/9.2.15.v20160210_to_9.3.8.RC0.delta|,4,166
|file:///home/lina/data/deltas/org.eclipse.jetty/jetty-io/9.1.6.v20160112_to_9.3.7.RC1.delta|,4,167
|file:///home/lina/data/deltas/org.eclipse.jetty/jetty-io/9.2.17.v20160517_to_9.3.9.v20160517.delta|,4,178
|file:///home/lina/data/deltas/org.eclipse.jetty/jetty-io/9.2.18.v20160721_to_9.3.11.v20160721.delta|,4,179
|file:///home/lina/data/deltas/org.eclipse.jetty/jetty-io/9.2.19.v20160908_to_9.3.12.v20160915.delta|,4,182
|file:///home/lina/data/deltas/org.eclipse.jetty/jetty-io/9.2.20.v20161216_to_9.3.15.v20161220.delta|,4,184
|file:///home/lina/data/deltas/org.eclipse.jetty/jetty-io/9.2.24.v20180105_to_9.3.23.v20180228.delta|,4,186
|file:///home/lina/data/deltas/org.eclipse.jetty/jetty-io/9.2.22.v20170606_to_9.3.21.M0.delta|,4,186
|file:///home/lina/data/deltas/org.apache.santuario/xmlsec/2.0.10_to_2.1.2.delta|,4,209
|file:///home/lina/data/deltas/org.apache.cxf/cxf-rt-ws-security/2.4.4_to_2.5.1.delta|,4,223
|file:///home/lina/data/deltas/com.google.guava/guava/r06_to_r07.delta|,4,232
|file:///home/lina/data/deltas/com.google.guava/guava/14.0-rc1_to_14.0-rc2.delta|,4,259
|file:///home/lina/data/deltas/org.eclipse.persistence/eclipselink/2.6.0-M3_to_2.6.0-RC1.delta|,4,330
|file:///home/lina/data/deltas/org.apache.camel/camel-core/2.0-M2_to_2.0-M3.delta|,4,375
|file:///home/lina/data/deltas/org.apache.camel/camel-core/2.11.1_to_2.12.1.delta|,4,500
|file:///home/lina/data/deltas/co.fs2/fs2-core_2.12/0.10.0-M8_to_0.10.0-M9.delta|,4,528
|file:///home/lina/data/deltas/org.apache.derby/derby/10.9.1.0_to_10.10.1.1.delta|,4,661
|file:///home/lina/data/deltas/io.vertx/vertx-core/3.0.0-dev_preview1_to_3.1.0.delta|,4,749
|file:///home/lina/data/deltas/com.google.guava/guava/13.0.1_to_14.0-rc1.delta|,4,992
|file:///home/lina/data/deltas/com.google.guava/guava/24.0-jre_to_24.1-android.delta|,4,1053
|file:///home/lina/data/deltas/org.apache.solr/solr-core/1.3.0_to_1.4.0.delta|,4,1116
|file:///home/lina/data/deltas/org.apache.camel/camel-core/2.19.3_to_2.20.0.delta|,4,1155
|file:///home/lina/data/deltas/org.apache.camel/camel-core/2.19.4_to_2.20.1.delta|,4,1160
|file:///home/lina/data/deltas/org.apache.camel/camel-core/2.17.3_to_2.18.0.delta|,4,1925
|file:///home/lina/data/deltas/org.apache.camel/camel-core/2.17.4_to_2.18.1.delta|,4,1927
|file:///home/lina/data/deltas/org.apache.camel/camel-core/2.17.5_to_2.18.2.delta|,4,1928
|file:///home/lina/data/deltas/org.apache.camel/camel-core/2.16.4_to_2.18.0.delta|,4,2073
|file:///home/lina/data/deltas/org.tpolecat/doobie-core-cats_2.12/0.4.1_to_0.4.4.delta|,4,2751
|file:///home/lina/data/deltas/org.scala-lang/scala-library/2.10.0-M6_to_2.10.0-M7.delta|,4,3666
|file:///home/lina/data/deltas/org.scala-lang/scala-compiler/2.11.2_to_2.11.3.delta|,4,4754
|file:///home/lina/data/deltas/org.scala-lang/scala-library/2.8.2.RC1_to_2.9.1.RC2.delta|,4,10181
|file:///home/lina/data/deltas/org.scala-lang/scala-compiler/2.12.0-M3_to_2.12.0-M4.delta|,4,11807
|file:///home/lina/data/deltas/org.scala-lang/scala-library/2.8.2_to_2.10.0-M1.delta|,4,17679
|file:///home/lina/data/deltas/co.fs2/fs2-core_2.12/0.10.0-M5_to_0.10.0-M6.delta|,5,41
|file:///home/lina/data/deltas/javax.ws.rs/javax.ws.rs-api/2.0-m01_to_2.0-m03.delta|,5,106
|file:///home/lina/data/deltas/com.google.guava/guava/17.0_to_18.0.delta|,5,185
|file:///home/lina/data/deltas/org.eclipse.jetty/jetty-io/9.2.26.v20180806_to_9.4.12.RC2.delta|,5,244
|file:///home/lina/data/deltas/org.eclipse.jetty/jetty-io/9.2.21.v20170120_to_9.4.2.v20170220.delta|,5,245
|file:///home/lina/data/deltas/org.eclipse.jetty/jetty-io/9.2.25.v20180606_to_9.4.0.v20180619.delta|,5,248
|file:///home/lina/data/deltas/org.apache.camel/camel-core/2.10.5_to_2.11.1.delta|,5,283
|file:///home/lina/data/deltas/org.apache.camel/camel-core/2.10.4_to_2.11.0.delta|,5,285
|file:///home/lina/data/deltas/com.google.guava/guava/11.0.2_to_12.0-rc1.delta|,5,549
|file:///home/lina/data/deltas/org.apache.sshd/sshd-core/1.3.0_to_1.4.0.delta|,5,755
|file:///home/lina/data/deltas/org.apache.solr/solr-core/4.0.0-ALPHA_to_4.0.0-BETA.delta|,5,760
|file:///home/lina/data/deltas/org.apache.santuario/xmlsec/1.5.6_to_2.0.0.delta|,5,809
|file:///home/lina/data/deltas/org.apache.santuario/xmlsec/1.5.7_to_2.0.2.delta|,5,827
|file:///home/lina/data/deltas/org.apache.santuario/xmlsec/1.5.8_to_2.0.4.delta|,5,827
|file:///home/lina/data/deltas/org.scala-lang/scala-compiler/2.12.0-M2_to_2.12.0-M3.delta|,5,838
|file:///home/lina/data/deltas/com.google.guava/guava/18.0_to_19.0-rc1.delta|,5,1064
|file:///home/lina/data/deltas/com.typesafe.akka/akka-actor_2.11/2.3.12_to_2.4-M3.delta|,5,1190
|file:///home/lina/data/deltas/org.apache.derby/derby/10.2.2.0_to_10.3.1.4.delta|,5,1241
|file:///home/lina/data/deltas/org.apache.camel/camel-core/2.17.6_to_2.18.3.delta|,5,1933
|file:///home/lina/data/deltas/org.apache.camel/camel-core/2.17.7_to_2.18.4.delta|,5,1934
|file:///home/lina/data/deltas/org.scala-lang/scala-compiler/2.13.0-M3_to_2.13.0-M4.delta|,5,2425
|file:///home/lina/data/deltas/org.scala-lang/scala-compiler/2.11.6_to_2.12.0-M1.delta|,5,2445
|file:///home/lina/data/deltas/org.apache.hive/hive-exec/0.10.0_to_0.11.0.delta|,5,2900
|file:///home/lina/data/deltas/org.scala-lang/scala-compiler/2.10.0-M4_to_2.10.0-M5.delta|,5,5236
|file:///home/lina/data/deltas/com.typesafe.akka/akka-actor_2.11/2.3.11_to_2.4-M1.delta|,5,5467
|file:///home/lina/data/deltas/org.scala-lang/scala-library/2.10.5_to_2.12.0-M1.delta|,5,17255
|file:///home/lina/data/deltas/org.scala-lang/scala-library/2.12.6_to_2.13.0-M4.delta|,5,20997
|file:///home/lina/data/deltas/org.scala-lang/scala-library/2.11.12_to_2.13.0-M3.delta|,5,21486
|file:///home/lina/data/deltas/org.scala-lang/scala-library/2.10.6_to_2.12.0-M3.delta|,5,24397
|file:///home/lina/data/deltas/javax.ws.rs/javax.ws.rs-api/2.0-m10_to_2.0-m11.delta|,6,19
|file:///home/lina/data/deltas/javax.ws.rs/javax.ws.rs-api/RELEASE_to_2.1-m01.delta|,6,68
|file:///home/lina/data/deltas/javax.ws.rs/javax.ws.rs-api/2.0-m09_to_2.0-m10.delta|,6,112
|file:///home/lina/data/deltas/net.sourceforge.htmlunit/htmlunit-core-js/2.8_to_2.17.delta|,6,561
|file:///home/lina/data/deltas/org.pac4j/pac4j-oauth/1.8.9_to_1.9.2.delta|,6,773
|file:///home/lina/data/deltas/org.apache.solr/solr-core/1.4.1_to_3.1.0.delta|,6,929
|file:///home/lina/data/deltas/com.typesafe.akka/akka-actor_2.11/2.3.15_to_2.4.3.delta|,6,1060
|file:///home/lina/data/deltas/com.google.guava/guava/23.6.1-jre_to_26.0-android.delta|,6,1193
|file:///home/lina/data/deltas/com.typesafe.akka/akka-actor_2.11/2.3.14_to_2.4.0-RC3.delta|,6,1196
|file:///home/lina/data/deltas/com.typesafe.akka/akka-actor_2.11/2.3.13_to_2.4.0-RC2.delta|,6,1196
|file:///home/lina/data/deltas/org.ehcache/ehcache/3.0.0.rc2_to_3.0.0.delta|,6,1247
|file:///home/lina/data/deltas/com.google.guava/guava/14.0.1_to_15.0-rc1.delta|,6,1352
|file:///home/lina/data/deltas/org.apache.hive/hive-exec/0.8.0_to_0.10.0.delta|,6,1883
|file:///home/lina/data/deltas/org.apache.camel/camel-core/2.19.5_to_2.21.1.delta|,6,7945
|file:///home/lina/data/deltas/org.scala-lang/scala-compiler/2.10.0-M1-virtualized.rdev-4217-2012-01-24-g9118644_to_2.10.0-M2.delta|,6,27838
|file:///home/lina/data/deltas/org.scala-lang/scala-compiler/2.10.0-M1-virtualized_to_2.10.0-M2.delta|,6,27838
|file:///home/lina/data/deltas/org.scala-lang/scala-compiler/2.11.8_to_2.12.0-M4.delta|,6,60240
|file:///home/lina/data/deltas/org.apache.camel/camel-core/2.1.0_to_2.2.0.delta|,7,192
|file:///home/lina/data/deltas/org.apache.cxf/cxf-rt-ws-security/2.3.9_to_2.4.6.delta|,7,300
|file:///home/lina/data/deltas/org.apache.cxf/cxf-rt-ws-security/2.3.10_to_2.4.7.delta|,7,320
|file:///home/lina/data/deltas/org.apache.cxf/cxf-rt-ws-security/2.3.11_to_2.4.8.delta|,7,375
|file:///home/lina/data/deltas/org.apache.solr/solr-core/4.3.1_to_4.6.1.delta|,7,479
|file:///home/lina/data/deltas/org.apache.sshd/sshd-core/0.9.0_to_0.10.0.delta|,7,480
|file:///home/lina/data/deltas/org.apache.cxf/cxf-rt-ws-security/2.3.8_to_2.5.1.delta|,7,483
|file:///home/lina/data/deltas/org.ehcache/ehcache/3.0.0.rc1_to_3.0.0.rc2.delta|,7,944
|file:///home/lina/data/deltas/org.eclipse.persistence/eclipselink/2.5.2_to_2.6.0-M3.delta|,7,1109
|file:///home/lina/data/deltas/com.typesafe.akka/akka-actor_2.11/2.3.16_to_2.4.13.delta|,7,1533
|file:///home/lina/data/deltas/org.scala-lang/scala-library/2.10.7_to_2.13.0-M3.delta|,7,35703
|file:///home/lina/data/deltas/org.apache.camel/camel-core/2.16.1_to_2.16.2.delta|,8,11
|file:///home/lina/data/deltas/org.apache.solr/solr-core/4.1.0_to_4.3.1.delta|,8,489
|file:///home/lina/data/deltas/org.apache.camel/camel-core/2.18.3_to_2.19.0.delta|,8,1181
|file:///home/lina/data/deltas/org.apache.camel/camel-core/2.18.4_to_2.19.1.delta|,8,1182
|file:///home/lina/data/deltas/org.apache.hive/hive-exec/0.11.0_to_0.12.0.delta|,8,3740
|file:///home/lina/data/deltas/org.apache.hive/hive-exec/0.13.1_to_0.14.0.delta|,8,3900
|file:///home/lina/data/deltas/org.scala-lang/scala-library/2.10.0-M2_to_2.10.0-M3.delta|,8,14133
|file:///home/lina/data/deltas/org.scala-lang/scala-compiler/2.9.2_to_2.10.0-M3.delta|,8,52127
|file:///home/lina/data/deltas/org.scala-lang/scala-compiler/2.11.10_to_2.12.2.delta|,8,61790
|file:///home/lina/data/deltas/org.scala-lang/scala-compiler/2.11.11_to_2.13.0-M1.delta|,8,61840
|file:///home/lina/data/deltas/org.apache.solr/solr-core/4.0.0_to_4.1.0.delta|,10,326
|file:///home/lina/data/deltas/org.apache.camel/camel-core/2.15.5_to_2.16.2.delta|,10,695
|file:///home/lina/data/deltas/org.apache.camel/camel-core/2.15.6_to_2.16.3.delta|,10,709
|file:///home/lina/data/deltas/org.scala-lang/scala-library/2.6.1_to_2.7.3.delta|,10,2180
|file:///home/lina/data/deltas/org.apache.sshd/sshd-core/0.14.0_to_1.0.0.delta|,10,2921
|file:///home/lina/data/deltas/javax/javaee-web-api/7.0_to_8.0.delta|,11,413
|file:///home/lina/data/deltas/org.eclipse.persistence/org.eclipse.persistence.core/2.5.2_to_2.6.1-RC1.delta|,11,744
|file:///home/lina/data/deltas/org.apache.solr/solr-core/6.6.0_to_7.1.0.delta|,11,1881
|file:///home/lina/data/deltas/org.scala-lang/scala-compiler/2.9.1_to_2.10.0-M1.delta|,11,39222
|file:///home/lina/data/deltas/org.apache.camel/camel-core/2.18.5_to_2.20.0.delta|,12,1652
|file:///home/lina/data/deltas/org.apache.solr/solr-core/4.10.4_to_5.5.1.delta|,12,2177
|file:///home/lina/data/deltas/org.scala-lang/scala-library/2.6.0_to_2.7.3.delta|,12,2416
|file:///home/lina/data/deltas/org.activiti/activiti-engine/5.22.0_to_7-201711-EA.delta|,12,5824
|file:///home/lina/data/deltas/org.scala-lang/scala-compiler/2.12.3_to_2.12.4.delta|,13,1260
|file:///home/lina/data/deltas/org.apache.derby/derby/10.1.3.1_to_10.2.1.6.delta|,13,1630
|file:///home/lina/data/deltas/org.scala-lang/scala-library/2.7.7_to_2.8.0.Beta1-RC8.delta|,13,11146
|file:///home/lina/data/deltas/org.scala-lang/scala-compiler/2.9.3-RC2_to_2.10.1-RC1.delta|,13,57673
|file:///home/lina/data/deltas/org.scala-lang/scala-compiler/2.9.3_to_2.10.1-RC3.delta|,13,57686
|file:///home/lina/data/deltas/org.scala-lang/scala-compiler/2.13.0-M2_to_2.13.0-M3.delta|,14,1825
|file:///home/lina/data/deltas/org.apache.oozie/oozie-core/4.1.0_to_4.2.0.delta|,15,490
|file:///home/lina/data/deltas/org.apache.camel/camel-core/2.14.2_to_2.15.0.delta|,15,593
|file:///home/lina/data/deltas/org.scala-lang/scala-compiler/2.11.0-M4_to_2.11.0-M5.delta|,15,4041
|file:///home/lina/data/deltas/org.apache.camel/camel-core/2.14.3_to_2.15.3.delta|,16,652
|file:///home/lina/data/deltas/org.apache.camel/camel-core/2.13.4_to_2.15.0.delta|,16,709
|file:///home/lina/data/deltas/com.google.guava/guava/r09_to_10.0-rc1.delta|,16,860
|file:///home/lina/data/deltas/org.apache.solr/solr-core/5.5.1_to_6.6.0.delta|,16,2618
|file:///home/lina/data/deltas/org.scala-lang/scala-library/2.13.0-M4_to_2.13.0-M5.delta|,16,3752
|file:///home/lina/data/deltas/org.apache.camel/camel-core/2.14.4_to_2.16.1.delta|,17,1239
|file:///home/lina/data/deltas/javax.ws.rs/javax.ws.rs-api/2.0-m05_to_2.0-m09.delta|,18,188
|file:///home/lina/data/deltas/org.scala-lang/scala-library/2.13.0-M4-pre-20d3c21_to_2.13.0-M5.delta|,18,5474
|file:///home/lina/data/deltas/org.scala-lang/scala-compiler/2.8.1_to_2.9.0.RC1.delta|,18,12436
|file:///home/lina/data/deltas/org.scala-lang/scala-compiler/2.10.5_to_2.12.0-M1.delta|,19,42406
|file:///home/lina/data/deltas/org.eclipse.persistence/org.eclipse.persistence.core/2.4.2_to_2.5.1.delta|,20,1448
|file:///home/lina/data/deltas/org.scala-lang/scala-compiler/2.8.2.RC1_to_2.9.1.RC2.delta|,20,28311
|file:///home/lina/data/deltas/org.scala-lang/scala-compiler/2.8.2_to_2.10.0-M1.delta|,20,46587
|file:///home/lina/data/deltas/org.scala-lang/scala-compiler/2.9.3-RC1_to_2.10.0.delta|,20,56755
|file:///home/lina/data/deltas/org.scala-lang/scala-compiler/2.10.7_to_2.13.0-M3.delta|,21,73727
|file:///home/lina/data/deltas/org.apache.solr/solr-core/5.5.5_to_7.2.1.delta|,22,3721
|file:///home/lina/data/deltas/org.apache.solr/solr-core/3.6.0_to_4.0.0-ALPHA.delta|,23,3210
|file:///home/lina/data/deltas/org.apache.solr/solr-core/3.6.1_to_4.0.0-BETA.delta|,25,3564
|file:///home/lina/data/deltas/org.apache.solr/solr-core/3.6.2_to_4.1.0.delta|,27,3691
|file:///home/lina/data/deltas/org.eclipse.persistence/eclipselink/2.4.2_to_2.5.1.delta|,32,7713
|file:///home/lina/data/deltas/org.scala-lang/scala-library/2.10.0-M1_to_2.10.0-M2.delta|,33,3933
|file:///home/lina/data/deltas/org.scala-lang/scala-compiler/2.11.12_to_2.13.0-M3.delta|,48,65669
|file:///home/lina/data/deltas/org.scala-lang/scala-compiler/2.8.0.Beta1_to_2.8.0.RC1.delta|,51,5368
|file:///home/lina/data/deltas/org.scala-lang/scala-compiler/2.7.7_to_2.8.0.Beta1-RC5.delta|,56,8018
|file:///home/lina/data/deltas/org.apache.hive/hive-exec/0.12.0_to_0.13.1.delta|,68,8103
|file:///home/lina/data/deltas/javax/javaee-web-api/6.0_to_7.0.delta|,73,5840
